"Marca temporal","¿ Pone dispositivos móviles a disposición de sus hijos con fines educativos ?","¿Cuanto tiempo permite que su(s) hijo(s) permanezca(n) en un dispositivo inteligente?","¿ Sabe su hijo de donde provienen los agro productos (frutas, vegetales, leche, huevos, carne, etc.)?","¿ Cree que por medio de un juego educativo sus hijos pueden aprender desarrollando gusto por el campo y sus agro productos?","¿Es importante para usted que su(s) hijo(s) aprenda(n) sobre la procedencia de los alimentos y la cultura del campo?","¿Si el desempeño de su(s) hijo(s) en este ""juego"" trajera consigo algún beneficio monetario (puntos redimibles en agro productos) para usted, aumentaría el interés por hacer que su(s) hijo(s) lo juegue?"
"2018/08/29 1:28:48 a. m. GMT","Solo le entrega el telefono para distraerlo","Tres horas","No","No","Sí","Sí"
"2018/08/29 3:43:12 a. m. GMT","Sí","Una hora","Sí","Sí","Sí","Sí"
"2018/08/29 3:47:29 a. m. GMT","Sí","Una hora","No","Sí","Sí","Tal vez"
"2018/08/29 4:05:39 a. m. GMT","No","Una hora","Sí","Sí","Sí","No"
"2018/08/29 5:27:10 a. m. GMT","No","Una hora","No","Sí","No","Sí"
"2018/08/29 10:56:51 a. m. GMT","Solo le entrega el telefono para distraerlo","Una hora","No","Sí","Sí","Tal vez"
"2018/08/29 11:08:03 a. m. GMT","Sí","Una hora","Sí","Sí","Sí","Tal vez"
"2018/08/29 11:08:03 a. m. GMT","Sí","Una hora","Sí","Sí","Sí","Sí"
"2018/08/29 12:40:44 p. m. GMT","Solo le entrega el telefono para distraerlo","Una hora","Sí","Sí","Sí","Tal vez"
"2018/08/29 12:42:16 p. m. GMT","Sí","Una hora","No","Sí","Sí","Sí"
"2018/08/29 2:18:40 p. m. GMT","Sí","Dos horas","No","Sí","Sí","Tal vez"
"2018/08/29 3:32:49 p. m. GMT","Sí","Una hora","Sí","Sí","Sí","Tal vez"
"2018/08/29 9:32:44 p. m. GMT","Sí","Una hora","Sí","Sí","Sí","Sí"
"2018/08/29 10:13:27 p. m. GMT","Sí","Una hora","Sí","Sí","Sí","Sí"
"2018/08/29 10:18:19 p. m. GMT","Sí","Una hora","Sí","Sí","Sí","No"
"2018/08/29 10:23:15 p. m. GMT","Sí","Dos horas","Sí","Sí","Sí","Sí"
"2018/08/29 10:49:04 p. m. GMT","Sí","Una hora","Sí","Sí","Sí","Sí"
"2018/08/29 11:25:13 p. m. GMT","No","Dos horas","Sí","Sí","Sí","Tal vez"
"2018/08/29 11:38:25 p. m. GMT","Sí","Dos horas","No","Sí","Sí","Sí"
"2018/08/29 11:49:30 p. m. GMT","Sí","Dos horas","Sí","Sí","Sí","Sí"
"2018/08/30 12:53:37 a. m. GMT","Sí","Una hora","Sí","Sí","Sí","Tal vez"
"2018/08/30 12:54:49 a. m. GMT","Sí","Una hora","Sí","Sí","Sí","No"
"2018/08/30 12:55:34 a. m. GMT","Sí","Dos horas","Sí","Sí","Sí","Sí"
"2018/08/30 1:51:18 a. m. GMT","Sí","Una hora","Sí","Sí","Sí","Sí"
"2018/08/30 3:45:11 a. m. GMT","Sí","Una hora","Sí","Sí","Sí","Tal vez"
"2018/08/30 11:00:42 a. m. GMT","Sí","Tres horas","Sí","Sí","Sí","Tal vez"
"2018/08/30 11:09:33 a. m. GMT","Sí","Una hora","Sí","Sí","Sí","Sí"
"2018/08/30 11:43:23 a. m. GMT","Sí","Más","Sí","Sí","Sí","Sí"
"2018/08/30 11:56:18 a. m. GMT","Sí","Tres horas","Sí","Sí","Sí","Sí"
"2018/08/30 1:01:20 p. m. GMT","Sí","Más","Sí","Sí","Sí","Sí"
"2018/09/03 5:22:22 p. m. GMT","Sí","Una hora","Sí","Sí","Sí","Sí"
"2018/09/03 5:46:26 p. m. GMT","Sí","Dos horas","Sí","Sí","Sí","Sí"
"2018/09/03 6:09:50 p. m. GMT","Sí","Más","No","Sí","Sí","Sí"
"2018/09/03 6:40:50 p. m. GMT","No","Una hora","No","Sí","Sí","Tal vez"
"2018/09/03 6:48:08 p. m. GMT","Sí","Una hora","No","Sí","Sí","Tal vez"
"2018/09/03 7:12:17 p. m. GMT","Sí","Una hora","Sí","Sí","Sí","Sí"
"2018/09/03 8:01:12 p. m. GMT","Sí","Tres horas","Sí","Sí","Sí","Sí"
"2018/09/03 8:23:24 p. m. GMT","No","Una hora","Sí","Sí","Sí","No"
"2018/09/03 8:24:06 p. m. GMT","Sí","Una hora","Sí","Sí","Sí","No"
"2018/09/03 8:49:09 p. m. GMT","Sí","Una hora","Sí","Sí","Sí","No"
"2018/09/04 1:41:12 a. m. GMT","Sí","Dos horas","No","Sí","Sí","Sí"
"2018/09/04 2:18:50 a. m. GMT","Solo le entrega el telefono para distraerlo","Una hora","Sí","No","Sí","No"
"2018/09/04 3:33:36 a. m. GMT","Sí","Dos horas","No","Sí","Sí","Tal vez"
"2018/09/04 3:34:04 a. m. GMT","No","Dos horas","Sí","No","No","Sí"
"2018/09/04 3:38:48 a. m. GMT","Sí","Una hora","No","Sí","No","Sí"
"2018/09/05 2:20:47 a. m. GMT","Sí","Dos horas","No","Sí","Sí","Sí"
"2018/09/05 2:20:51 a. m. GMT","No","Dos horas","No","Sí","Sí","No"
"2018/09/05 2:20:53 a. m. GMT","Solo le entrega el telefono para distraerlo","Dos horas","No","Sí","Sí","Tal vez"
"2018/09/05 2:21:23 a. m. GMT","No","Dos horas","No","No","Sí","Tal vez"
"2018/09/05 2:21:35 a. m. GMT","Sí","Dos horas","No","Sí","Sí","Sí"
"2018/09/05 2:21:51 a. m. GMT","No","Dos horas","No","No","Sí","Tal vez"
"2018/09/05 2:22:17 a. m. GMT","Sí","Una hora","No","Sí","Sí","Sí"
"2018/09/05 2:22:27 a. m. GMT","Solo le entrega el telefono para distraerlo","Dos horas","No","Sí","Sí","Tal vez"
"2018/09/05 2:23:21 a. m. GMT","No","Dos horas","No","Sí","Sí","No"
"2018/09/05 2:24:12 a. m. GMT","No","Dos horas","No","Sí","No","Sí"
"2018/09/05 2:24:19 a. m. GMT","Solo le entrega el telefono para distraerlo","Dos horas","No","Sí","Sí","Sí"
"2018/09/05 2:24:39 a. m. GMT","Sí","Dos horas","No","Sí","Sí","Sí"
"2018/09/05 2:25:03 a. m. GMT","Sí","Una hora","No","No","Sí","Tal vez"
"2018/09/05 2:25:51 a. m. GMT","Sí","Dos horas","No","Sí","No","Tal vez"
"2018/09/05 2:26:50 a. m. GMT","Sí","Dos horas","No","Sí","No","Tal vez"
"2018/09/05 2:27:17 a. m. GMT","No","Una hora","No","No","No","Tal vez"
"2018/09/05 2:27:43 a. m. GMT","Solo le entrega el telefono para distraerlo","Tres horas","No","No","No","Tal vez"
"2018/09/05 1:42:46 p. m. GMT","Sí","Una hora","Sí","Sí","Sí","Tal vez"
"2018/09/05 4:48:33 p. m. GMT","Sí","Una hora","Sí","Sí","Sí","Tal vez"
"2018/09/05 4:49:47 p. m. GMT","No","Una hora","Sí","No","Sí","Tal vez"
"2018/09/06 2:25:34 a. m. GMT","Sí","Una hora","Sí","Sí","Sí","No"
"2018/09/06 6:02:03 p. m. GMT","Sí","Una hora","Sí","Sí","Sí","Tal vez"